Make,Model,Year,MPG City,MPG Highway,Gears,Drive Type,Horsepower,Torque,Length,Height,Width
Acura,2010 Acura MDX,2010,16,21,6,AWD,300,270,3,197,202
Acura,2010 Acura RDX,2010,19,24,5,FWD,240,260,27,119,78
Acura,2010 Acura RL,2010,16,22,5,AWD,300,271,109,175,55
Acura,2010 Acura TL,2010,18,26,5,FWD,280,254,101,172,88
Acura,2010 Acura TSX,2010,21,30,5,FWD,201,170,107,160,48
Acura,2010 Acura ZDX,2010,16,23,6,AWD,300,270,23,60,203
Acura,2011 Acura MDX,2011,16,21,6,AWD,300,270,3,197,202
Acura,2011 Acura RDX,2011,19,24,5,FWD,240,260,27,119,78
Acura,2011 Acura RL,2011,17,24,6,AWD,300,271,109,175,55
Acura,2011 Acura TL,2011,18,26,5,FWD,280,254,101,172,88
Acura,2011 Acura TSX,2011,22,31,5,FWD,201,170,107,160,48
Acura,2011 Acura TSX Sport Wagon,2011,22,30,5,FWD,201,170,197,190,48
Acura,2011 Acura ZDX,2011,16,23,6,AWD,300,270,23,60,203
Acura,2012 Acura MDX,2012,16,21,6,AWD,300,270,3,197,202
Acura,2012 Acura RL,2012,17,24,6,AWD,300,271,109,175,55
Acura,2012 Acura TL,2012,20,29,6,FWD,280,254,63,172,87
Acura,2012 Acura TSX,2012,22,31,5,FWD,201,170,107,160,48
Acura,2012 Acura TSX Sport Wagon,2012,22,30,5,FWD,201,170,197,190,48
Acura,2012 Acura ZDX,2012,16,23,6,AWD,300,270,23,60,203
Aston Martin,2010 Aston Martin DB9 Coup,2010,11,17,6,RWD,470,443,102,246,83
Aston Martin,2010 Aston Martin DB9 Volante,2010,11,17,6,RWD,470,443,102,246,83
Aston Martin,2010 Aston Martin Rapide,2010,13,19,6,RWD,470,443,155,78,92
Aston Martin,2010 Aston Martin V8 Vantage Coup,2010,12,19,6,RWD,420,346,29,233,74
Aston Martin,2010 Aston Martin V8 Vantage Roadster,2010,12,19,6,RWD,420,346,29,246,74
Aston Martin,2011 Aston Martin DB9 Coup,2011,11,17,6,RWD,470,443,102,246,83
Aston Martin,2011 Aston Martin DB9 Volante,2011,11,17,6,RWD,470,443,102,246,83
Aston Martin,2011 Aston Martin DBS Volante,2011,11,17,6,RWD,510,420,112,9,113
Aston Martin,2011 Aston Martin Rapide,2011,13,19,6,RWD,470,443,155,80,137
Aston Martin,2011 Aston Martin V12 Vantage,2011,11,17,6,RWD,510,420,33,217,73
Aston Martin,2011 Aston Martin V8 Vantage Coup,2011,13,19,6,RWD,420,346,30,236,74
Aston Martin,2011 Aston Martin V8 Vantage Roadster,2011,13,19,6,RWD,420,346,30,236,74
Aston Martin,2011 Aston Martin Virage Coup,2011,13,18,6,RWD,490,420,96,2,113
Aston Martin,2011 Aston Martin Virage Volante,2011,13,18,6,RWD,490,420,96,7,113
Aston Martin,2012 Aston Martin DB9 Coup,2012,13,20,6,RWD,470,443,102,246,83
Aston Martin,2012 Aston Martin DB9 Volante,2012,11,17,6,RWD,470,443,102,246,83
Aston Martin,2012 Aston Martin DBS Volante,2012,12,18,6,RWD,510,420,112,9,113
Aston Martin,2012 Aston Martin Rapide,2012,13,19,6,RWD,470,443,155,80,137
Aston Martin,2012 Aston Martin V12 Vantage,2012,13,19,6,RWD,510,420,33,217,73
Aston Martin,2012 Aston Martin V8 Vantage Coup,2012,13,19,6,RWD,420,346,30,236,74
Aston Martin,2012 Aston Martin V8 Vantage Roadster,2012,13,19,6,RWD,430,361,30,236,74
Aston Martin,2012 Aston Martin Virage Coup,2012,13,18,6,RWD,490,420,96,2,113
Aston Martin,2012 Aston Martin Virage Volante,2012,13,18,6,RWD,490,420,96,7,113
Audi,2009 Audi A3,2009,18,25,6,AWD,250,236,143,140,202
Audi,2009 Audi A4 Sedan,2009,22,30,6,AWD,211,258,96,147,34
Audi,2009 Audi A5,2009,16,27,6,AWD,265,243,17,91,62
Audi,2009 Audi Q5,2009,18,23,6,AWD,270,243,20,117,88
Audi,2009 Audi Q7,2009,13,18,6,AWD,350,325,221,201,191
Audi,2010 Audi A3,2010,21,30,6,FWD,200,207,196,143,203
Audi,2010 Audi A4 Avant,2010,23,30,6,AWD,211,258,95,155,34
Audi,2010 Audi A4 Sedan,2010,21,27,6,AWD,211,258,95,147,34
Audi,2010 Audi A5 Cabriolet,2010,20,26,6,AWD,211,258,17,103,228
Audi,2010 Audi A5 Coupe,2010,22,30,6,AWD,211,258,17,92,62
Audi,2010 Audi A6 Avant,2010,18,26,6,AWD,300,310,69,198,220
Audi,2010 Audi A6 Sedan,2010,18,26,6,AWD,300,310,52,179,220
Audi,2010 Audi A8,2010,16,23,6,AWD,350,325,198,164,236
Audi,2010 Audi Q5,2010,18,23,6,AWD,270,243,21,117,41
Audi,2010 Audi Q7,2010,14,19,6,AWD,280,266,223,201,191
Audi,2010 Audi R8 Coupe,2010,12,20,6,AWD,525,391,83,228,138
Audi,2010 Audi S4 Sedan,2010,18,27,6,AWD,333,325,109,126,34
Audi,2010 Audi S5 Coupe,2010,16,24,6,AWD,354,325,27,89,62
Audi,2010 Audi S6,2010,14,19,6,AWD,435,398,52,169,220
Audi,2011 Audi A3,2011,21,30,6,FWD,200,207,196,143,203
Audi,2011 Audi A4 Avant,2011,21,29,8,AWD,211,258,95,156,214
Audi,2011 Audi A4 Sedan,2011,21,31,6,AWD,211,258,95,147,214
Audi,2011 Audi A5 Cabriolet,2011,21,29,8,AWD,211,258,14,101,227
Audi,2011 Audi A5 Coupe,2011,21,29,8,AWD,211,258,17,92,189
Audi,2011 Audi A6 Avant,2011,18,26,6,AWD,300,310,69,198,220
Audi,2011 Audi A6 Sedan,2011,18,26,6,AWD,300,310,63,179,237
Audi,2011 Audi A8,2011,17,27,8,AWD,372,328,17,180,63
Audi,2011 Audi Q5,2011,20,27,8,AWD,211,258,21,117,41
Audi,2011 Audi Q7,2011,16,22,8,AWD,333,325,225,201,129
Audi,2011 Audi R8 Coupe,2011,11,20,6,AWD,420,317,82,228,138
Audi,2011 Audi R8 Spyder,2011,11,20,6,AWD,420,317,79,220,113
Audi,2011 Audi S4 Sedan,2011,18,27,6,AWD,333,325,95,147,214
Audi,2011 Audi S5 Coupe,2011,16,24,6,AWD,354,325,17,92,62
Audi,2011 Audi S6,2011,14,21,6,AWD,435,398,52,169,237
Audi,2012 Audi A3,2012,21,30,6,FWD,200,207,196,143,203
Audi,2012 Audi A4 Avant,2012,21,29,8,AWD,211,258,95,156,248
Audi,2012 Audi A4 Sedan,2012,21,31,6,AWD,211,258,95,147,248
Audi,2012 Audi A5 Cabriolet,2012,21,29,8,AWD,211,258,17,103,228
Audi,2012 Audi A5 Coupe,2012,21,31,6,AWD,211,258,17,92,189
Audi,2012 Audi A6 Sedan,2012,19,28,8,AWD,310,325,61,188,82
Audi,2012 Audi A7,2012,18,28,8,AWD,310,325,105,140,91
Audi,2012 Audi A8,2012,18,28,8,AWD,372,328,147,191,63
Audi,2012 Audi Q5,2012,20,27,8,AWD,211,258,21,117,41
Audi,2012 Audi Q7,2012,16,22,8,AWD,333,325,225,201,129
Audi,2012 Audi R8 Coupe,2012,11,20,6,AWD,430,316,79,228,237
Audi,2012 Audi R8 Spyder,2012,11,20,6,AWD,430,316,79,220,237
Audi,2012 Audi S4 Sedan,2012,18,27,6,AWD,333,325,109,126,248
Audi,2012 Audi S5 Coupe,2012,16,24,6,AWD,354,325,27,89,228
Audi,2012 Audi TT RS,2012,18,25,6,AWD,360,343,102,62,50
BMW,2009 BMW 7 Series,2009,15,22,6,RWD,400,450,210,200,110
BMW,2010 BMW 1 Series Convertible,2010,18,27,6,RWD,230,200,9,132,211
BMW,2010 BMW 1 Series Coupe,2010,18,25,6,RWD,300,300,9,127,211
BMW,2010 BMW 3 Series Convertible,2010,17,26,6,RWD,230,200,227,104,247
BMW,2010 BMW 3 Series Coup,2010,18,28,6,RWD,230,200,247,94,247
BMW,2010 BMW 3 Series Sedan,2010,17,26,6,RWD,300,300,174,139,24
BMW,2010 BMW 3 Series Sports Wagon,2010,17,25,6,AWD,230,200,184,137,24
BMW,2010 BMW 5 Series Gran Turismo,2010,19,28,8,RWD,300,300,134,23,107
BMW,2010 BMW 5 Series Sedan,2010,16,25,6,AWD,300,300,245,200,54
BMW,2010 BMW 5 Series Sports Wagon,2010,16,24,6,AWD,300,300,248,210,54
BMW,2010 BMW 6 Series Convertible,2010,14,21,6,RWD,360,360,223,94,62
BMW,2010 BMW 6 Series Coup,2010,15,22,6,RWD,360,360,223,94,62
BMW,2010 BMW 7 Series,2010,14,20,6,AWD,400,450,94,200,110
BMW,2010 BMW M3 Convertible,2010,13,20,6,RWD,414,295,7,111,11
BMW,2010 BMW M3 Coup,2010,14,20,6,RWD,414,295,9,132,24
BMW,2010 BMW M3 Sedan,2010,14,20,6,RWD,414,295,230,167,24
BMW,2010 BMW M6 Convertible,2010,11,17,6,RWD,500,383,7,96,62
BMW,2010 BMW M6 Coup,2010,11,17,6,RWD,500,383,7,91,62
BMW,2010 BMW X3,2010,17,24,6,AWD,260,225,217,140,62
BMW,2010 BMW X5,2010,12,17,6,AWD,555,500,243,226,201
BMW,2010 BMW X6,2010,12,17,6,AWD,555,500,12,148,191
BMW,2010 BMW Z4 Roadster,2010,18,28,6,RWD,255,220,143,10,254
BMW,2011 BMW 1 Series Convertible,2011,18,28,6,RWD,230,200,9,132,211
BMW,2011 BMW 1 Series Coupe,2011,20,28,6,RWD,300,300,9,127,211
BMW,2011 BMW 3 Series Convertible,2011,17,26,6,RWD,230,200,12,104,247
BMW,2011 BMW 3 Series Coup,2011,18,27,6,AWD,300,300,12,114,247
BMW,2011 BMW 3 Series Sedan,2011,23,36,6,RWD,265,425,174,144,24
BMW,2011 BMW 3 Series Sports Wagon,2011,17,26,6,RWD,230,200,184,137,24
BMW,2011 BMW 5 Series Gran Turismo,2011,15,22,8,RWD,400,450,134,23,107
BMW,2011 BMW 5 Series Sedan,2011,15,22,6,RWD,400,450,40,183,67
BMW,2011 BMW 7 Series,2011,14,20,6,AWD,400,450,210,200,110
BMW,2011 BMW ALPINA B7 Sedan,2011,14,20,6,AWD,500,516,104,213,110
BMW,2011 BMW ActiveHybrid 7 Sedan,2011,17,24,8,RWD,455,515,210,200,110
BMW,2011 BMW M3 Convertible,2011,13,20,6,RWD,414,295,7,111,11
BMW,2011 BMW M3 Coup,2011,14,20,6,RWD,414,295,9,132,24
BMW,2011 BMW M3 Sedan,2011,14,20,6,RWD,414,295,230,167,24
BMW,2011 BMW X3,2011,19,25,8,AWD,240,221,40,125,90
BMW,2011 BMW X5,2011,12,17,6,AWD,555,500,243,226,201
BMW,2011 BMW X6,2011,12,17,6,AWD,555,500,12,148,191
BMW,2011 BMW Z4 Roadster,2011,18,28,6,RWD,255,220,145,10,254
BMW,2012 BMW 1 Series Convertible,2012,18,28,6,RWD,230,200,21,132,211
BMW,2012 BMW 1 Series Coup,2012,18,28,6,RWD,230,200,21,142,211
BMW,2012 BMW 3 Series Convertible,2012,17,26,6,RWD,230,200,12,104,247
BMW,2012 BMW 3 Series Coup,2012,18,28,6,RWD,230,200,12,114,247
BMW,2012 BMW 3 Series Sports Wagon,2012,17,26,6,RWD,230,200,184,137,24
BMW,2012 BMW 5 Series Sedan,2012,23,34,8,RWD,240,260,40,183,67
BMW,2012 BMW 7 Series,2012,17,25,6,RWD,315,330,210,200,110
Bentley,2010 Bentley Azure T,2010,9,15,6,RWD,500,738,34,210,107
Bentley,2010 Bentley Brooklands,2010,9,15,6,RWD,530,774,34,193,107
Bentley,2010 Bentley Continental Flying Spur,2010,10,17,6,AWD,600,553,170,185,184
Bentley,2010 Bentley Continental GT,2010,10,17,6,AWD,552,479,195,109,123
Bentley,2010 Bentley Continental GTC,2010,10,17,6,AWD,600,553,195,109,125
Bentley,2010 Bentley Continental Supersports,2010,12,19,6,AWD,621,590,195,99,153
Bentley,2011 Bentley Continental Flying Spur,2011,10,17,6,AWD,600,553,170,185,184
Bentley,2011 Bentley Continental GTC,2011,11,18,6,AWD,600,553,195,109,135
Bentley,2011 Bentley Continental Supersports Convertible,2011,8,14,6,AWD,621,590,195,99,153
Bentley,2012 Bentley Continental Flying Spur,2012,8,13,6,AWD,552,479,170,118,184
Bentley,2012 Bentley Continental GT,2012,8,14,6,AWD,567,516,198,124,152
Bentley,2012 Bentley Continental Supersports Convertible,2012,8,14,6,AWD,621,590,195,99,153
Bentley,2012 Bentley Continental Supersports Coupe,2012,8,14,6,AWD,621,590,199,110,153
Bentley,2012 Bentley Mulsanne,2012,11,18,8,RWD,505,752,199,241,134
Buick,2010 Buick Enclave,2010,17,24,6,FWD,288,270,5,231,214
Buick,2010 Buick Lacrosse,2010,19,30,6,FWD,182,172,137,223,64
Buick,2010 Buick Lucerne,2010,17,26,4,FWD,227,237,41,193,82
Buick,2011 Buick Enclave,2011,16,22,6,AWD,288,270,5,231,214
Buick,2011 Buick Lacrosse,2011,19,30,6,FWD,182,172,137,223,64
Buick,2011 Buick Lucerne,2011,13,20,4,FWD,227,237,41,193,82
Buick,2011 Buick Regal,2011,13,21,6,FWD,220,258,223,203,64
Buick,2012 Buick Enclave,2012,17,24,6,FWD,288,270,5,49,214
Buick,2012 Buick Lacrosse,2012,25,36,6,FWD,182,172,137,223,64
Buick,2012 Buick Regal,2012,18,29,6,FWD,220,258,223,203,64
Buick,2012 Buick Verano,2012,22,31,6,FWD,180,171,63,203,24
Cadillac,2010 Cadillac CTS Sport Sedan,2010,18,27,6,RWD,270,223,2,223,49
Cadillac,2010 Cadillac CTS Sport Wagon,2010,18,27,6,RWD,270,223,2,221,52
Cadillac,2010 Cadillac CTS-V Sedan,2010,14,19,6,RWD,556,551,2,175,49
Cadillac,2010 Cadillac DTS,2010,15,23,4,FWD,275,295,153,183,107
Cadillac,2010 Cadillac Escalade,2010,14,20,6,RWD,403,417,23,135,214
Cadillac,2010 Cadillac Escalade ESV,2010,14,20,6,RWD,403,417,29,125,217
Cadillac,2010 Cadillac Escalade EXT,2010,13,20,6,AWD,403,417,6,100,217
Cadillac,2010 Cadillac Escalade Hybrid,2010,21,22,4,RWD,332,367,23,135,214
Cadillac,2010 Cadillac SRX,2010,18,25,6,FWD,265,223,225,132,118
Cadillac,2010 Cadillac STS,2010,18,27,6,RWD,302,272,132,183,52
Cadillac,2011 Cadillac CTS Coupe,2011,18,27,6,RWD,304,273,200,142,90
Cadillac,2011 Cadillac CTS Sport Sedan,2011,16,26,6,RWD,270,223,251,193,49
Cadillac,2011 Cadillac CTS Sport Wagon,2011,18,27,6,RWD,270,223,12,193,49
Cadillac,2011 Cadillac CTS-V Coupe,2011,12,18,6,RWD,556,551,200,142,90
Cadillac,2011 Cadillac CTS-V Sedan,2011,14,19,6,RWD,556,551,251,175,49
Cadillac,2011 Cadillac CTS-V Wagon,2011,14,19,6,RWD,556,551,12,193,49
Cadillac,2011 Cadillac DTS,2011,15,23,4,FWD,275,295,153,183,107
Cadillac,2011 Cadillac Escalade,2011,10,15,6,RWD,403,417,23,135,214
Cadillac,2011 Cadillac Escalade ESV,2011,14,18,6,RWD,403,417,29,64,217
Cadillac,2011 Cadillac Escalade EXT,2011,13,18,6,AWD,403,417,6,100,217
Cadillac,2011 Cadillac Escalade Hybrid,2011,20,23,4,RWD,332,367,23,135,214
Cadillac,2011 Cadillac SRX,2011,18,25,6,FWD,265,223,225,132,118
Cadillac,2011 Cadillac STS,2011,18,27,6,RWD,302,272,132,183,52
Cadillac,2012 Cadillac CTS Coupe,2012,18,27,6,RWD,318,275,179,142,90
Cadillac,2012 Cadillac CTS Sport Sedan,2012,16,26,6,RWD,270,223,251,193,49
Cadillac,2012 Cadillac CTS Sport Wagon,2012,18,27,6,RWD,270,223,12,193,49
Cadillac,2012 Cadillac CTS-V Coupe,2012,14,19,6,RWD,556,551,179,142,90
Cadillac,2012 Cadillac CTS-V Sedan,2012,14,19,6,RWD,556,551,251,175,49
Cadillac,2012 Cadillac CTS-V Wagon,2012,14,19,6,RWD,556,551,12,193,49
Cadillac,2012 Cadillac Escalade,2012,14,18,6,RWD,403,417,23,135,214
Cadillac,2012 Cadillac Escalade ESV,2012,14,18,6,RWD,403,417,29,64,217
Cadillac,2012 Cadillac Escalade Hybrid,2012,20,23,4,RWD,332,367,23,135,214
Cadillac,2012 Cadillac SRX Crossover,2012,12,18,6,FWD,308,265,225,132,118
Chevrolet,2009 Chevrolet Silverado 1500 Hybrid,2009,21,22,4,RWD,332,367,207,82,240
Chevrolet,2010 Chevrolet Avalanche,2010,11,16,6,RWD,320,335,245,153,217
Chevrolet,2010 Chevrolet Aveo5,2010,27,35,5,FWD,108,105,79,226,142
Chevrolet,2010 Chevrolet Camaro Coupe,2010,17,29,6,RWD,304,273,228,96,125
Chevrolet,2010 Chevrolet Colorado,2010,18,25,5,RWD,185,190,22,112,181
Chevrolet,2010 Chevrolet Corvette Convertible,2010,16,26,6,RWD,430,424,82,223,52
Chevrolet,2010 Chevrolet Corvette Coupe,2010,16,26,6,RWD,430,424,82,223,52
Chevrolet,2010 Chevrolet Corvette Grand Sport Convertible,2010,16,26,6,RWD,430,424,108,212,135
Chevrolet,2010 Chevrolet Corvette Grand Sport Coupe,2010,16,26,6,RWD,430,424,108,212,135
Chevrolet,2010 Chevrolet Corvette Z06,2010,15,24,6,RWD,505,470,108,212,135
Chevrolet,2010 Chevrolet Corvette ZR1,2010,14,20,6,RWD,638,604,123,212,135
Chevrolet,2010 Chevrolet Equinox,2010,22,32,6,FWD,182,172,162,148,49
Chevrolet,2010 Chevrolet Express,2010,10,13,4,RWD,310,334,60,24,224
Chevrolet,2010 Chevrolet HHR Panel,2010,16,23,5,FWD,155,150,123,66,219
Chevrolet,2010 Chevrolet HHR Wagon,2010,22,32,5,FWD,155,150,123,66,219
Chevrolet,2010 Chevrolet Impala,2010,14,22,4,FWD,211,216,226,210,59
Chevrolet,2010 Chevrolet Malibu,2010,22,30,4,FWD,169,160,7,170,249
Chevrolet,2010 Chevrolet Malibu Hybrid,2010,26,34,4,FWD,164,159,7,170,249
Chevrolet,2010 Chevrolet Silverado 1500,2010,15,20,4,RWD,195,260,215,85,237
Chevrolet,2010 Chevrolet Silverado 1500 Hybrid,2010,21,22,4,RWD,332,367,207,82,240
Chevrolet,2010 Chevrolet Suburban,2010,15,21,6,RWD,320,335,16,158,217
Chevrolet,2010 Chevrolet Tahoe,2010,15,21,6,RWD,320,335,10,161,214
Chevrolet,2010 Chevrolet Tahoe Hybrid,2010,21,22,4,RWD,332,367,10,102,214
Chevrolet,2010 Chevrolet Traverse,2010,17,24,6,FWD,281,266,87,57,199
Chevrolet,2011 Chevrolet Avalanche,2011,15,21,6,RWD,320,335,245,153,217
Chevrolet,2011 Chevrolet Aveo,2011,27,35,5,FWD,108,105,214,226,173
Chevrolet,2011 Chevrolet Aveo5,2011,27,35,5,FWD,108,105,79,226,142
Chevrolet,2011 Chevrolet Camaro Convertible,2011,17,28,6,RWD,312,278,228,109,125
Chevrolet,2011 Chevrolet Camaro Coupe,2011,17,28,6,RWD,312,278,228,96,125
Chevrolet,2011 Chevrolet Colorado,2011,18,25,5,RWD,185,190,22,112,181
Chevrolet,2011 Chevrolet Corvette Convertible,2011,16,26,6,RWD,430,424,82,223,52
Chevrolet,2011 Chevrolet Corvette Coupe,2011,16,26,6,RWD,430,424,82,223,52
Chevrolet,2011 Chevrolet Corvette Grand Sport Convertible,2011,16,26,6,RWD,430,424,108,212,135
Chevrolet,2011 Chevrolet Corvette Grand Sport Coupe,2011,16,26,6,RWD,430,424,108,212,135
Chevrolet,2011 Chevrolet Corvette Z06,2011,15,24,6,RWD,505,470,108,212,135
Chevrolet,2011 Chevrolet Corvette ZR1,2011,14,20,6,RWD,638,604,123,212,135
Chevrolet,2011 Chevrolet Cruze,2011,26,36,6,FWD,136,123,245,195,3
Chevrolet,2011 Chevrolet Equinox,2011,22,32,6,FWD,182,172,162,148,49
Chevrolet,2011 Chevrolet Express,2011,13,17,4,RWD,310,334,60,77,219
Chevrolet,2011 Chevrolet HHR Panel,2011,16,23,5,FWD,155,150,123,66,219
Chevrolet,2011 Chevrolet HHR Wagon,2011,22,32,5,FWD,155,150,123,66,219
Chevrolet,2011 Chevrolet Impala,2011,14,22,4,FWD,211,216,226,210,59
Chevrolet,2011 Chevrolet Malibu,2011,22,33,6,FWD,169,160,7,170,249
Chevrolet,2011 Chevrolet Silverado 1500,2011,15,20,4,RWD,195,260,102,77,237
Chevrolet,2011 Chevrolet Silverado 1500 Hybrid,2011,20,223,4,RWD,332,367,207,82,240
Chevrolet,2011 Chevrolet Suburban Half-Ton,2011,15,21,6,RWD,320,335,16,158,217
Chevrolet,2011 Chevrolet Suburban Three-Quarter-Ton,2011,10,16,6,RWD,352,382,16,158,217
Chevrolet,2011 Chevrolet Tahoe,2011,15,21,6,RWD,320,335,10,161,214
Chevrolet,2011 Chevrolet Tahoe Hybrid,2011,20,23,4,RWD,332,367,10,102,214
Chevrolet,2011 Chevrolet Traverse,2011,17,24,6,FWD,281,266,87,57,199
Chevrolet,2012 Chevrolet Camaro Convertible,2012,17,28,6,RWD,323,278,228,109,125
Chevrolet,2012 Chevrolet Camaro Coupe,2012,17,28,6,RWD,323,278,228,96,125
Chevrolet,2012 Chevrolet Colorado,2012,18,25,5,RWD,185,190,22,112,181
Chevrolet,2012 Chevrolet Corvette Convertible,2012,16,26,6,RWD,430,424,82,223,52
Chevrolet,2012 Chevrolet Corvette Coupe,2012,16,26,6,RWD,430,424,82,223,52
Chevrolet,2012 Chevrolet Corvette Grand Sport Convertible,2012,16,26,6,RWD,430,424,108,212,135
Chevrolet,2012 Chevrolet Corvette Grand Sport Coupe,2012,16,26,6,RWD,430,424,108,212,135
Chevrolet,2012 Chevrolet Corvette Z06,2012,15,24,6,RWD,505,470,108,212,135
Chevrolet,2012 Chevrolet Corvette ZR1,2012,14,21,6,RWD,638,604,123,212,135
Chevrolet,2012 Chevrolet Cruze,2012,25,36,6,FWD,138,123,245,195,3
Chevrolet,2012 Chevrolet Equinox,2012,15,22,6,FWD,182,172,162,148,49
Chevrolet,2012 Chevrolet Express,2012,13,18,4,RWD,310,334,60,77,219
Chevrolet,2012 Chevrolet Impala,2012,13,22,6,FWD,300,262,226,210,59
Chevrolet,2012 Chevrolet Malibu,2012,22,33,6,FWD,169,160,7,170,249
Chevrolet,2012 Chevrolet Sonic Hatchback,2012,26,35,5,FWD,138,125,198,236,198
Chevrolet,2012 Chevrolet Sonic Sedan,2012,26,35,5,FWD,138,125,44,236,198
Chevrolet,2012 Chevrolet Traverse,2012,17,24,6,FWD,281,266,87,57,199
Chrysler,2010 Chrysler 300,2010,18,26,4,RWD,178,190,134,203,90
Chrysler,2010 Chrysler Sebring Convertible,2010,20,29,4,FWD,173,166,58,205,24
Chrysler,2010 Chrysler Sebring Sedan,2010,21,30,4,FWD,173,166,233,218,16
Chrysler,2010 Chrysler Town and Country,2010,16,23,6,FWD,197,230,23,214,161
Chrysler,2011 Chrysler 200 Convertible,2011,18,29,6,FWD,173,166,83,190,49
Chrysler,2011 Chrysler 200 Sedan,2011,21,30,4,FWD,173,166,5,203,49
Chrysler,2011 Chrysler 300,2011,18,27,5,RWD,292,260,180,203,113
Chrysler,2011 Chrysler Town and Country,2011,17,25,6,FWD,283,260,31,188,206
Dodge,2010 Dodge Avenger,2010,21,30,4,FWD,173,166,241,216,32
Dodge,2010 Dodge Caliber,2010,23,31,5,FWD,158,141,63,254,212
Dodge,2010 Dodge Challenger,2010,17,25,5,RWD,250,250,158,170,131
Dodge,2010 Dodge Charger,2010,17,25,4,RWD,250,250,219,198,100
Dodge,2010 Dodge Dakota,2010,15,20,4,RWD,210,235,173,206,29
Dodge,2010 Dodge Grand Caravan,2010,17,25,6,FWD,251,259,24,22,161
Dodge,2010 Dodge Journey,2010,19,25,4,FWD,173,166,23,166,42
Dodge,2010 Dodge Nitro,2010,16,22,4,RWD,210,235,192,239,64
Dodge,2010 Dodge Ram 1500,2010,14,20,4,RWD,215,235,188,102,224
Dodge,2010 Dodge Viper Convertible,2010,13,22,6,RWD,600,560,108,185,118
Dodge,2010 Dodge Viper Coup,2010,13,22,6,RWD,600,560,108,210,118
Dodge,2011 Dodge Avenger,2011,20,31,6,FWD,173,166,28,203,57
Dodge,2011 Dodge Caliber,2011,24,32,5,FWD,158,141,63,254,212
Dodge,2011 Dodge Challenger,2011,18,27,5,RWD,305,268,158,170,131
Dodge,2011 Dodge Charger,2011,18,27,5,RWD,292,260,213,203,113
Dodge,2011 Dodge Dakota,2011,15,20,4,RWD,210,235,173,206,29
Dodge,2011 Dodge Durango,2011,16,23,5,RWD,290,260,211,9,133
Dodge,2011 Dodge Grand Caravan,2011,17,25,6,FWD,283,260,31,189,207
Dodge,2011 Dodge Journey,2011,19,26,4,FWD,173,166,23,156,42
Dodge,2011 Dodge Nitro,2011,16,21,5,RWD,260,265,192,255,65
Dodge,2011 Dodge Ram 1500,2011,14,20,4,RWD,215,235,188,102,224
Dodge,2012 Dodge Avenger,2012,21,30,4,FWD,173,166,28,203,57
Dodge,2012 Dodge Caliber,2012,24,32,5,FWD,158,141,62,254,211
Dodge,2012 Dodge Challenger,2012,18,27,5,RWD,305,268,157,170,130
Dodge,2012 Dodge Charger,2012,16,25,5,RWD,370,395,213,203,113
Dodge,2012 Dodge Durango,2012,12,17,5,RWD,290,260,210,8,133
Dodge,2012 Dodge Grand Caravan,2012,17,25,6,FWD,283,260,31,188,206
Dodge,2012 Dodge Journey,2012,19,26,4,FWD,173,166,22,155,41
Ferrari,2010 Ferrari 612 Scaglietti,2010,9,16,6,RWD,540,434,38,63,163
Ford,2010 Ford Crown Victoria,2010,12,17,4,RWD,224,265,8,162,171
Ford,2010 Ford Edge,2010,18,25,6,FWD,265,250,108,165,133
Ford,2010 Ford Escape,2010,22,28,5,FWD,171,171,85,188,13
Ford,2010 Ford Expedition,2010,14,20,6,RWD,310,365,125,168,209
Ford,2010 Ford Explorer,2010,14,20,5,FWD,210,254,48,57,79
Ford,2010 Ford F-150,2010,14,18,6,AWD,310,365,253,135,212
Ford,2010 Ford Flex,2010,17,24,6,FWD,262,248,5,191,135
Ford,2010 Ford Focus Coupe,2010,24,35,5,FWD,140,136,93,208,188
Ford,2010 Ford Focus Sedan,2010,24,35,5,FWD,140,136,93,208,186
Ford,2010 Ford Fusion,2010,22,31,6,FWD,175,172,233,165,41
Ford,2010 Ford Mustang Convertible,2010,18,26,5,RWD,210,240,169,144,85
Ford,2010 Ford Mustang Coup,2010,18,26,5,RWD,210,240,169,132,85
Ford,2010 Ford Mustang Shelby GT500 Convertible,2010,14,22,6,RWD,550,510,172,139,85
Ford,2010 Ford Mustang Shelby GT500 Coupe,2010,15,23,6,RWD,550,510,172,104,85
Ford,2010 Ford Ranger,2010,22,27,5,RWD,143,154,202,145,224
Ford,2010 Ford Taurus,2010,18,28,6,FWD,263,249,33,5,143
Ford,2010 Transit Connect Van,2010,22,25,4,FWD,136,128,237,222,3
Ford,2010 Transit Connect Wagon,2010,22,25,4,FWD,136,128,237,222,3
Ford,2011 Ford E-150 Van,2011,13,17,4,RWD,225,286,128,44,224
Ford,2011 Ford E-150 Wagon,2011,13,16,4,RWD,225,286,128,37,224
Ford,2011 Ford E-250 Van,2011,13,17,4,RWD,225,286,128,105,224
Ford,2011 Ford E-350 Super Duty Van,2011,12,15,4,RWD,255,350,128,77,224
Ford,2011 Ford E-350 Super Duty Wagon,2011,11,15,4,RWD,255,350,128,62,224
Ford,2011 Ford Edge,2011,19,26,6,FWD,285,253,70,165,138
Ford,2011 Ford Escape,2011,23,28,5,FWD,171,171,85,188,13
Ford,2011 Ford Expedition,2011,10,15,6,RWD,310,365,125,181,209
Ford,2011 Ford Explorer,2011,17,25,6,FWD,290,255,142,252,212
Ford,2011 Ford F-150,2011,15,21,6,RWD,360,380,253,135,212
Ford,2011 Ford Fiesta Hatchback,2011,28,37,5,FWD,120,112,226,193,160
Ford,2011 Ford Fiesta Sedan,2011,38,37,5,FWD,120,112,57,193,160
Ford,2011 Ford Flex,2011,17,24,6,FWD,262,248,5,191,135
Ford,2011 Ford Focus Sedan,2011,25,35,5,FWD,140,136,93,208,186
Ford,2011 Ford Fusion,2011,22,29,6,FWD,175,172,233,165,41
Ford,2011 Ford Mustang Convertible,2011,19,29,6,RWD,305,280,169,144,85
Ford,2011 Ford Mustang Coup,2011,19,29,6,RWD,305,280,169,144,85
Ford,2011 Ford Mustang Shelby GT500 Convertible,2011,15,23,6,RWD,550,510,172,139,85
Ford,2011 Ford Ranger,2011,22,27,5,RWD,143,154,202,145,224
Ford,2011 Ford Shelby GT500 Coupe,2011,15,23,6,RWD,550,510,172,104,85
Ford,2011 Ford Taurus,2011,18,28,6,FWD,263,249,33,5,143
Ford,2011 Transit Connect Van,2011,21,26,4,FWD,136,128,237,222,3
Ford,2011 Transit Connect Wagon,2011,21,26,4,FWD,136,128,237,222,3
Ford,2012 Ford E-150 Van,2012,13,17,4,RWD,225,286,128,44,224
Ford,2012 Ford E-150 Wagon,2012,13,16,4,RWD,225,286,128,37,224
Ford,2012 Ford E-250 Van,2012,13,17,4,RWD,225,286,128,105,224
Ford,2012 Ford E-350 Super Duty Van,2012,12,16,4,RWD,255,350,128,77,224
Ford,2012 Ford E-350 Super Duty Wagon,2012,9,11,4,RWD,255,350,128,62,224
Ford,2012 Ford Edge,2012,19,27,6,FWD,285,253,70,165,138
Ford,2012 Ford Escape,2012,23,28,5,FWD,171,171,85,188,13
Ford,2012 Ford Expedition,2012,10,14,6,RWD,310,365,125,168,209
Ford,2012 Ford Explorer,2012,18,25,6,FWD,290,255,142,252,212
Ford,2012 Ford Fiesta Hatchback,2012,29,38,5,FWD,120,112,226,193,186
Ford,2012 Ford Fiesta Sedan,2012,29,38,5,FWD,120,112,57,193,186
Ford,2012 Ford Flex,2012,17,24,6,FWD,262,248,5,191,135
Ford,2012 Ford Focus 5-Door,2012,26,36,5,FWD,160,146,6,185,31
Ford,2012 Ford Focus Sedan,2012,26,36,5,FWD,160,146,181,185,31
Ford,2012 Ford Fusion,2012,22,32,6,FWD,175,172,233,162,41
Ford,2012 Ford Mustang Convertible,2012,19,30,6,RWD,305,280,169,137,85
Ford,2012 Ford Mustang Coup,2012,19,29,6,RWD,305,280,169,137,85
Ford,2012 Ford Mustang Shelby GT500 Convertible,2012,15,23,6,RWD,550,510,172,127,85
Ford,2012 Ford Mustang Shelby GT500 Coupe,2012,15,23,6,RWD,550,510,172,119,85
Ford,2012 Ford Taurus,2012,18,28,6,FWD,263,249,33,5,143
Ford,2012 Ford Transit Connect Van,2012,21,27,4,FWD,136,128,235,222,3
Ford,2012 Ford Transit Connect Wagon,2012,22,27,4,FWD,136,128,235,222,3
GMC,2010 GMC Acadia,2010,17,24,6,FWD,288,270,233,57,194
GMC,2010 GMC Canyon,2010,18,25,5,RWD,185,190,22,127,181
GMC,2010 GMC Savana,2010,10,13,4,RWD,310,334,60,24,224
GMC,2010 GMC Sierra 1500,2010,10,14,4,RWD,302,305,70,74,240
GMC,2010 GMC Sierra 1500 Hybrid,2010,21,22,4,RWD,332,367,207,82,240
GMC,2010 GMC Terrain,2010,22,32,6,FWD,182,172,98,148,57
GMC,2010 GMC Yukon,2010,15,21,6,RWD,320,335,10,161,214
GMC,2010 GMC Yukon Hybrid,2010,21,22,4,RWD,332,367,10,161,214
GMC,2010 GMC Yukon XL,2011,11,16,6,RWD,320,335,16,158,217
GMC,2011 GMC Acadia,2011,17,24,6,FWD,288,270,233,57,194
GMC,2011 GMC Canyon,2011,18,25,5,RWD,185,190,22,112,181
GMC,2011 GMC Savana,2011,10,13,4,RWD,310,334,60,77,219
GMC,2011 GMC Sierra 1500,2011,15,20,4,RWD,195,260,102,77,240
GMC,2011 GMC Sierra 1500 Hybrid,2011,20,23,4,RWD,332,367,207,82,240
GMC,2011 GMC Terrain,2011,22,32,6,FWD,182,172,98,148,57
GMC,2011 GMC Yukon,2011,11,16,6,RWD,320,335,10,161,214
GMC,2011 GMC Yukon Hybrid,2011,20,23,4,RWD,332,367,10,161,214
GMC,2011 GMC Yukon XL,2011,15,21,6,RWD,320,335,16,158,217
GMC,2012 GMC Acadia,2012,17,24,6,FWD,288,270,233,239,194
GMC,2012 GMC Savana,2012,10,13,4,RWD,310,334,60,77,219
GMC,2012 GMC Terrain,2012,22,32,6,FWD,182,172,98,148,194
GMC,2012 GMC Yukon,2012,15,21,6,RWD,320,335,10,161,214
GMC,2012 GMC Yukon Hybrid,2012,20,23,4,RWD,332,367,10,161,214
GMC,2012 GMC Yukon XL,2012,15,21,6,RWD,320,335,16,158,217
Honda,2010 Honda Accord Coupe,2010,17,25,6,FWD,271,251,240,152,57
Honda,2010 Honda Accord Crosstour Hatchback,2010,18,27,5,FWD,271,254,134,135,105
Honda,2010 Honda Accord Sedan,2010,22,31,5,FWD,177,161,66,58,54
Honda,2010 Honda CR-V,2010,21,28,5,FWD,180,161,166,142,26
Honda,2010 Honda Civic Coup,2010,26,34,5,FWD,140,128,105,117,214
Honda,2010 Honda Civic Sedan,2010,26,34,5,FWD,140,128,151,155,216
Honda,2010 Honda Element,2010,20,25,5,FWD,166,161,219,252,26
Honda,2010 Honda Fit,2010,27,33,5,FWD,117,106,8,244,158
Honda,2010 Honda Odyssey,2010,16,23,5,FWD,244,240,13,211,166
Honda,2010 Honda Pilot,2010,17,23,5,FWD,250,253,240,11,201
Honda,2010 Honda Ridgeline,2010,15,20,5,AWD,250,247,137,249,184
Honda,2011 Honda Accord Coup,2011,23,32,5,FWD,190,162,240,152,57
Honda,2011 Honda Accord Crosstour Hatchback,2011,18,27,5,FWD,271,254,134,132,105
Honda,2011 Honda Accord Sedan,2011,23,33,5,FWD,177,161,86,195,54
Honda,2011 Honda CR-V,2011,21,28,5,FWD,180,161,202,142,26
Honda,2011 Honda CR-Z,2011,31,37,6,FWD,122,128,239,114,203
Honda,2011 Honda Civic Coup,2011,26,34,5,FWD,140,128,105,117,214
Honda,2011 Honda Civic Sedan,2011,26,34,5,FWD,140,128,151,155,216
Honda,2011 Honda Element,2011,20,25,5,FWD,166,161,219,252,26
Honda,2011 Honda Fit,2011,27,33,5,FWD,117,106,8,244,158
Honda,2011 Honda Odyssey,2011,18,27,5,FWD,248,250,33,201,219
Honda,2011 Honda Pilot,2011,17,23,5,FWD,250,253,240,11,201
Honda,2011 Honda Ridgeline,2011,15,20,5,AWD,250,247,137,249,184
Honda,2012 Honda Accord Coupe,2012,23,32,5,FWD,190,162,243,152,57
Honda,2012 Honda Accord Crosstour Hatchback,2012,18,27,5,FWD,271,254,134,132,105
Honda,2012 Honda Accord Sedan,2012,23,34,5,FWD,177,161,86,195,54
Honda,2012 Honda CR-Z,2012,31,37,6,FWD,122,128,239,114,203
Honda,2012 Honda Civic Coupe,2012,28,36,5,FWD,140,128,105,117,216
Honda,2012 Honda Civic Sedan,2012,28,39,5,FWD,140,128,151,155,216
Honda,2012 Honda Fit,2012,27,33,5,FWD,117,106,8,244,158
Honda,2012 Honda Odyssey,2012,18,27,5,FWD,248,250,33,201,219
Honda,2012 Honda Pilot,2012,18,25,5,FWD,250,253,253,3,201
Hyundai,2009 Hyundai Elantra Touring,2009,23,31,5,FWD,138,136,123,238,229
Hyundai,2010 Hyundai Accent Hatchback,2010,28,34,5,FWD,110,106,206,190,158
Hyundai,2010 Hyundai Accent Sedan,2010,28,34,5,FWD,110,106,183,190,158
Hyundai,2010 Hyundai Azera,2010,17,26,5,FWD,263,257,30,210,57
Hyundai,2010 Hyundai Elantra Sedan,2010,26,34,4,FWD,138,136,153,200,239
Hyundai,2010 Hyundai Elantra Touring,2010,23,31,5,FWD,138,136,123,238,229
Hyundai,2010 Hyundai Genesis Coupe,2010,21,30,6,RWD,210,223,22,104,72
Hyundai,2010 Hyundai Genesis Sedan,2010,17,25,6,RWD,368,324,111,200,97
Hyundai,2010 Hyundai Santa Fe,2010,20,26,6,FWD,276,248,68,188,97
Hyundai,2010 Hyundai Sonata,2010,22,32,5,FWD,175,168,190,193,39
Hyundai,2010 Hyundai Tucson,2010,23,31,6,FWD,176,168,47,148,29
Hyundai,2010 Hyundai Veracruz,2010,16,22,6,AWD,260,257,233,13,153
Hyundai,2011 Hyundai Accent Hatchback,2011,27,36,4,FWD,110,106,206,190,158
Hyundai,2011 Hyundai Accent Sedan,2011,27,36,4,FWD,110,106,183,190,158
Hyundai,2011 Hyundai Azera,2011,20,28,6,FWD,260,233,45,210,57
Hyundai,2011 Hyundai Elantra Sedan,2011,29,40,6,FWD,148,131,176,155,239
Hyundai,2011 Hyundai Elantra Touring,2011,23,31,5,FWD,138,136,123,238,229
Hyundai,2011 Hyundai Equus,2011,16,24,6,RWD,385,333,38,210,97
Hyundai,2011 Hyundai Genesis Coupe,2011,20,30,5,RWD,210,223,22,104,72
Hyundai,2011 Hyundai Genesis Sedan,2011,18,27,6,RWD,290,264,111,195,97
Hyundai,2011 Hyundai Santa Fe,2011,20,28,6,FWD,175,169,68,188,97
Hyundai,2011 Hyundai Sonata,2011,22,35,6,FWD,200,186,212,190,41
Hyundai,2011 Hyundai Sonata Hybrid,2011,35,40,6,FWD,166,154,212,185,41
Hyundai,2011 Hyundai Tucson,2011,23,31,6,FWD,165,146,47,120,29
Hyundai,2011 Hyundai Veracruz,2011,17,22,6,FWD,260,257,233,13,153
Hyundai,2012 Hyundai Accent Hatchback,2012,30,40,6,FWD,138,123,18,170,163
Hyundai,2012 Hyundai Accent Sedan,2012,30,40,6,FWD,138,123,16,170,163
Hyundai,2012 Hyundai Elantra Sedan,2012,29,40,6,FWD,145,130,176,155,239
Hyundai,2012 Hyundai Elantra Touring,2012,23,30,4,FWD,138,136,133,238,229
Hyundai,2012 Hyundai Equus,2012,15,23,8,RWD,429,376,38,210,97
Hyundai,2012 Hyundai Genesis Coupe,2012,21,30,6,RWD,210,223,22,104,72
Hyundai,2012 Hyundai Genesis Sedan,2012,17,26,8,RWD,385,333,122,200,97
Hyundai,2012 Hyundai Santa Fe,2012,20,26,6,AWD,276,248,68,188,97
Hyundai,2012 Hyundai Sonata,2012,24,35,6,FWD,198,184,212,190,41
Hyundai,2012 Hyundai Tucson,2012,23,31,6,FWD,165,146,47,120,29
Hyundai,2012 Hyundai Veloster,2012,28,40,6,FWD,138,123,122,119,254
Hyundai,2012 Hyundai Veracruz,2012,17,22,6,FWD,260,257,233,214,153
Infiniti,2009 Infiniti EX,2009,17,24,5,RWD,297,253,22,54,11
Infiniti,2009 Infiniti G37 Convertible,2009,17,25,7,RWD,325,267,47,119,59
Infiniti,2009 Infiniti M,2009,17,25,7,RWD,303,262,66,228,13
Infiniti,2010 Infiniti EX,2010,17,24,5,RWD,297,253,22,36,11
Infiniti,2010 Infiniti FX,2010,16,21,7,RWD,303,262,251,115,135
Infiniti,2010 Infiniti G37 Convertible,2010,17,25,7,RWD,325,267,47,119,59
Infiniti,2010 Infiniti G37 Coupe,2010,19,27,7,RWD,330,270,42,111,31
Infiniti,2010 Infiniti G37 Sedan,2010,19,27,7,RWD,328,269,141,172,236
Infiniti,2010 Infiniti M,2010,17,25,7,RWD,303,262,66,228,13
Infiniti,2010 Infiniti QX56,2010,12,18,5,RWD,320,393,135,184,209
Infiniti,2011 Infiniti EX,2011,17,24,7,RWD,297,253,22,36,11
Infiniti,2011 Infiniti FX,2011,16,23,7,RWD,303,262,251,115,135
Infiniti,2011 Infiniti G25,2011,20,29,7,RWD,218,187,164,172,236
Infiniti,2011 Infiniti G37 Convertible,2011,17,25,7,RWD,325,267,47,119,59
Infiniti,2011 Infiniti G37 Coupe,2011,19,27,7,RWD,330,270,42,111,31
Infiniti,2011 Infiniti G37 Sedan,2011,19,27,7,RWD,328,269,164,172,236
Infiniti,2011 Infiniti IPL G Coupe,2011,17,25,6,RWD,348,276,93,114,31
Infiniti,2011 Infiniti M,2011,18,26,7,RWD,330,270,81,221,13
Infiniti,2011 Infiniti QX56,2011,14,20,7,RWD,400,413,170,128,237
Infiniti,2012 Infiniti EX,2012,17,24,7,RWD,297,253,22,36,11
Infiniti,2012 Infiniti FX,2012,16,23,7,RWD,303,262,251,142,135
Infiniti,2012 Infiniti G25,2012,20,29,7,RWD,218,187,164,172,236
Infiniti,2012 Infiniti G37 Convertible,2012,17,25,7,RWD,325,267,47,117,59
Infiniti,2012 Infiniti G37 Coupe,2012,19,27,7,RWD,330,270,42,111,31
Infiniti,2012 Infiniti G37 Sedan,2012,19,27,7,RWD,328,269,164,172,236
Infiniti,2012 Infiniti IPL G Coupe,2012,19,27,7,RWD,348,276,93,114,31
Infiniti,2012 Infiniti M,2012,18,26,7,RWD,330,270,81,221,52
Infiniti,2012 Infiniti M Hybrid,2012,27,32,7,RWD,302,258,81,221,52
Infiniti,2012 Infiniti QX56,2012,14,20,7,RWD,400,413,170,133,237
Jaguar,2010 Jaguar XF,2010,16,25,6,RWD,300,310,96,180,85
Jaguar,2010 Jaguar XJ,2010,16,23,6,RWD,385,380,3,167,102
Jaguar,2010 Jaguar XK Convertible,2010,16,22,6,RWD,385,380,184,48,100
Jaguar,2010 Jaguar XK Coup,2010,15,22,6,RWD,510,461,184,40,100
Jaguar,2011 Jaguar XF,2011,16,23,6,RWD,385,380,96,180,85
Jaguar,2011 Jaguar XJ,2011,16,23,6,RWD,385,380,3,167,102
Jaguar,2011 Jaguar XK Convertible,2011,16,22,6,RWD,385,380,184,48,100
Jaguar,2011 Jaguar XK Coup,2011,16,24,6,RWD,385,380,184,40,100
Jaguar,2012 Jaguar XF,2012,16,26,6,RWD,385,380,97,180,5
Jaguar,2012 Jaguar XJ,2012,16,26,6,RWD,385,380,2,168,62
Jaguar,2012 Jaguar XK Convertible,2012,16,22,6,RWD,385,380,186,49,240
Jaguar,2012 Jaguar XK Coup,2012,15,22,6,RWD,550,502,186,32,240
Jeep,2010 Jeep Commander,2010,15,20,5,RWD,210,235,179,128,107
Jeep,2010 Jeep Compass,2010,23,29,5,FWD,158,141,52,120,224
Jeep,2010 Jeep Grand Cherokee,2010,16,21,5,RWD,210,235,167,214,52
Jeep,2010 Jeep Liberty,2010,16,22,4,RWD,210,235,141,244,46
Jeep,2010 Jeep Patriot,2010,23,29,5,FWD,158,141,57,132,219
Jeep,2010 Jeep Wrangler,2010,15,19,6,AWD,205,240,41,8,55
Jeep,2011 Jeep Compass,2011,23,29,5,FWD,158,141,52,120,224
Jeep,2011 Jeep Grand Cherokee,2011,16,23,5,RWD,290,260,212,224,146
Jeep,2011 Jeep Liberty,2011,16,22,4,RWD,210,235,120,19,64
Jeep,2011 Jeep Patriot,2011,23,29,5,FWD,158,141,62,127,221
Jeep,2011 Jeep Wrangler,2011,15,19,6,AWD,202,237,41,34,79
Jeep,2012 Jeep Compass,2012,22,28,5,AWD,172,165,95,115,21
Jeep,2012 Jeep Grand Cherokee,2012,12,18,5,AWD,465,465,251,193,166
Jeep,2012 Jeep Liberty,2012,15,21,4,AWD,210,235,141,11,44
Jeep,2012 Jeep Patriot,2012,22,28,5,AWD,172,165,62,160,221
Jeep,2012 Jeep Wrangler,2012,17,21,5,AWD,285,260,41,34,79
Kia,2010 Kia Forte,2010,25,34,5,FWD,156,144,176,180,239
Kia,2010 Kia Forte Koup,2010,25,34,5,FWD,156,144,128,119,229
Kia,2010 Kia Optima,2010,22,32,5,FWD,175,169,192,200,13
Kia,2010 Kia Rio,2010,28,34,5,FWD,110,107,153,190,158
Kia,2010 Kia Rio5,2010,28,34,5,FWD,110,107,185,190,158
Kia,2010 Kia Sedona,2010,17,23,5,FWD,244,253,202,224,191
Kia,2010 Kia Soul,2010,26,31,5,FWD,122,115,8,74,249
Kia,2010 Kia Sportage,2010,20,25,5,FWD,140,136,255,158,8
Kia,2011 Kia Forte,2011,25,34,6,FWD,156,144,176,180,239
Kia,2011 Kia Forte 5-Door,2011,25,34,6,FWD,156,144,244,180,239
Kia,2011 Kia Forte Koup,2011,24,33,6,FWD,156,144,128,119,229
Kia,2011 Kia Optima,2011,24,35,6,FWD,200,186,235,175,39
Kia,2011 Kia Optima Hybrid,2011,36,40,6,FWD,166,154,235,170,39
Kia,2011 Kia Rio,2011,28,34,5,FWD,110,107,143,190,158
Kia,2011 Kia Rio5,2011,27,36,4,FWD,110,107,175,190,158
Kia,2011 Kia Sedona,2011,18,25,6,FWD,271,248,10,24,191
Kia,2011 Kia Sorento,2011,20,27,6,FWD,175,169,63,173,92
Kia,2011 Kia Soul,2011,26,31,5,FWD,122,115,8,74,249
Kia,2011 Kia Sportage,2011,21,29,6,FWD,176,168,87,99,62
Kia,2012 Kia Forte,2012,25,34,6,FWD,156,144,176,180,239
Kia,2012 Kia Forte 5-Door,2012,26,36,6,FWD,156,144,244,180,239
Kia,2012 Kia Forte Koup,2012,24,33,6,FWD,156,144,128,119,229
Kia,2012 Kia Optima,2012,24,35,6,FWD,200,186,235,174,38
Kia,2012 Kia Rio 5-Door,2012,30,40,6,FWD,138,123,206,175,183
Kia,2012 Kia Sedona,2012,18,25,6,FWD,271,248,10,224,191
Kia,2012 Kia Sorento,2012,20,27,6,FWD,175,169,63,173,92
Kia,2012 Kia Soul,2012,27,35,6,FWD,138,123,23,74,249
Kia,2012 Kia Sportage,2012,21,29,6,FWD,176,168,87,99,62
Lamborghini,2010 Lamborghini Gallardo Coupe,2010,12,20,6,RWD,550,398,249,141,107
Lamborghini,2011 Lamborghini Gallardo Coupe,2011,12,20,6,AWD,560,398,249,141,107
Lamborghini,2012 Lamborghini Gallardo Coup,2012,12,20,6,AWD,552,398,249,141,108
Lamborghini,2012 Lamborghini Gallardo Spyder,2012,12,20,6,AWD,552,398,249,160,108
Land Rover,2010 Land Rover LR2,2010,15,22,6,AWD,230,234,146,203,115
Land Rover,2010 Land Rover LR4,2010,12,17,6,AWD,375,375,220,95,123
Land Rover,2010 Land Rover Range Rover,2010,12,18,6,AWD,510,461,109,85,242
Land Rover,2010 Land Rover Range Rover Sport,2010,13,18,6,AWD,375,375,174,247,140
Land Rover,2011 Land Rover LR2,2011,15,22,6,AWD,230,234,146,203,212
Land Rover,2011 Land Rover LR4,2011,12,17,6,AWD,375,375,220,95,229
Land Rover,2011 Land Rover Range Rover,2011,12,18,6,AWD,510,461,109,85,242
Land Rover,2011 Land Rover Range Rover Sport,2011,13,18,6,AWD,375,375,167,252,209
Land Rover,2012 Land Rover LR4,2012,12,17,6,AWD,375,375,220,39,128
Land Rover,2012 Land Rover Range Rover,2012,12,18,6,AWD,375,375,106,85,166
Land Rover,2012 Land Rover Range Rover Evoque,2012,18,28,6,AWD,240,251,14,99,77
Land Rover,2012 Land Rover Range Rover Sport,2012,13,18,6,AWD,375,375,167,252,108
Lexus,2010 Lexus ES,2010,19,27,6,FWD,272,254,6,150,28
Lexus,2010 Lexus GS,2010,18,25,6,AWD,303,274,235,155,29
Lexus,2010 Lexus IS,2010,18,26,6,RWD,204,185,228,145,8
Lexus,2010 Lexus IS C,2010,18,26,6,RWD,204,185,27,134,8
Lexus,2010 Lexus IS F,2010,16,23,8,RWD,416,371,53,135,24
Lexus,2010 Lexus LS,2010,16,24,8,RWD,380,367,195,195,82
Lexus,2010 Lexus LX,2010,12,18,6,AWD,383,403,127,128,179
Lexus,2011 Lexus ES,2011,19,27,6,FWD,268,248,6,150,28
Lexus,2011 Lexus GS,2011,18,25,6,AWD,303,274,237,155,28
Lexus,2011 Lexus IS,2011,18,25,6,AWD,306,277,228,145,8
Lexus,2011 Lexus IS C,2011,19,27,6,RWD,204,185,22,135,8
Lexus,2011 Lexus LS,2011,16,24,8,RWD,380,367,196,195,83
Lexus,2011 Lexus LX,2011,12,18,6,AWD,383,403,127,128,179
Lexus,2011 lexus IS F,2011,16,23,8,RWD,416,371,53,135,24
Lexus,2012 Lexus ES,2012,19,28,6,FWD,268,248,6,150,28
Lexus,2012 Lexus IS,2012,21,30,6,RWD,204,185,228,145,8
Lexus,2012 Lexus IS C,2012,19,27,6,RWD,204,185,27,135,8
Lexus,2012 Lexus IS F,2012,16,23,8,RWD,416,371,53,135,24
Lexus,2012 Lexus LFA,2012,11,16,6,RWD,552,354,153,195,102
Lexus,2012 Lexus LS,2012,16,24,8,RWD,380,367,196,195,83
Lexus,2012 Lexus RX,2012,18,24,6,AWD,270,248,162,184,93
Lincoln,2010 Lincoln MKS,2010,17,24,6,FWD,273,270,64,28,135
Lincoln,2010 Lincoln MKT,2010,17,23,6,FWD,268,267,153,175,138
Lincoln,2010 Lincoln MKX,2010,17,23,6,AWD,265,250,129,178,133
Lincoln,2010 Lincoln MKZ Sedan,2010,17,24,6,AWD,263,249,212,165,41
Lincoln,2010 Lincoln Navigator,2010,9,13,6,RWD,310,365,39,196,191
Lincoln,2010 Lincoln Town Car,2010,16,24,4,RWD,239,287,247,221,201
Lincoln,2011 Lincoln MKS,2011,16,23,6,AWD,273,270,64,28,135
Lincoln,2011 Lincoln MKT,2011,16,21,6,AWD,355,350,153,175,138
Lincoln,2011 Lincoln MKX,2011,19,26,6,FWD,305,280,134,173,138
Lincoln,2011 Lincoln MKZ Sedan,2011,18,27,6,FWD,263,249,212,165,41
Lincoln,2011 Lincoln Navigator,2011,9,13,6,AWD,310,365,39,191,191
Lincoln,2011 Lincoln Town Car,2011,12,17,4,RWD,239,287,95,218,201
Lincoln,2012 Lincoln MKS,2012,17,25,6,FWD,274,270,64,28,135
Lincoln,2012 Lincoln MKT,2012,17,24,6,FWD,268,267,153,175,138
Lincoln,2012 Lincoln MKX,2012,19,26,6,FWD,305,280,134,173,138
Lincoln,2012 Lincoln MKZ,2012,18,27,6,FWD,263,249,212,165,41
Lincoln,2012 Lincoln Navigator,2012,10,14,6,RWD,310,365,173,196,209
Lotus,2009 Lotus Elise,2009,21,27,6,RWD,189,133,200,93,183
Lotus,2009 Lotus Exige,2009,20,26,6,RWD,240,170,200,144,191
Lotus,2010 Lotus Elise,2010,20,26,6,RWD,218,156,200,93,183
Lotus,2010 Lotus Exige,2010,20,26,6,RWD,240,170,200,146,183
Lotus,2011 Lotus Elise,2011,21,27,6,RWD,189,133,200,93,183
Lotus,2011 Lotus Evora,2011,17,27,6,RWD,276,258,244,197,57
Lotus,2011 Lotus Exige,2011,20,26,6,RWD,240,170,213,134,191
MINI,2010 MINI Clubman,2010,28,36,6,FWD,118,114,99,147,148
MINI,2010 MINI Cooper Convertible,2010,28,36,6,FWD,118,114,114,127,148
MINI,2010 MINI Cooper Hardtop,2010,28,37,6,FWD,118,114,114,127,148
MINI,2011 MINI Clubman,2011,28,35,6,FWD,121,114,119,144,148
MINI,2011 MINI Cooper Convertible,2011,28,35,6,FWD,121,114,139,134,148
MINI,2011 MINI Cooper Hardtop,2011,29,37,6,FWD,121,114,139,127,148
MINI,2011 MINI Countryman,2011,28,35,6,FWD,121,114,11,26,252
MINI,2012 MINI Clubman,2012,27,35,6,FWD,121,114,119,144,148
MINI,2012 MINI Cooper Convertible,2012,27,35,6,FWD,121,114,139,134,148
MINI,2012 MINI Cooper Coupe,2012,29,37,6,FWD,121,114,144,99,148
MINI,2012 MINI Cooper Hardtop,2012,29,37,6,FWD,121,114,139,127,148
MINI,2012 MINI Countryman,2012,27,35,6,FWD,121,114,11,26,252
Maserati,2010 Maserati GranTurismo Convertible,2010,12,19,6,RWD,433,361,17,73,123
Maserati,2010 Maserati GranTurismo Coup,2010,12,19,6,RWD,405,339,17,73,123
Maserati,2010 Maserati Quattroporte,2010,12,20,6,RWD,400,339,233,157,102
Maserati,2011 Maserati GranTurismo Convertible,2011,12,20,6,RWD,433,361,17,73,54
Maserati,2011 Maserati GranTurismo Coup,2011,13,20,6,RWD,405,339,17,73,123
Maserati,2011 Maserati Quattroporte,2011,12,20,6,RWD,400,339,233,157,102
Maybach,2009 Maybach Landaulet,2009,10,16,5,RWD,604,738,20,38,189
Maybach,2010 Maybach 57,2010,10,16,5,RWD,631,738,95,38,189
Maybach,2010 Maybach 62,2010,10,16,5,RWD,543,664,20,38,189
Maybach,2010 Maybach Landaulet,2010,10,16,5,RWD,604,738,20,38,189
Maybach,2011 Maybach 57,2011,10,16,5,RWD,620,738,95,1,189
Maybach,2011 Maybach 62,2011,10,16,5,RWD,620,738,20,38,189
Maybach,2011 Maybach Landaulet,2011,10,16,5,RWD,620,738,20,38,189
Mazda,2010 Mazda CX-7,2010,20,28,5,FWD,161,161,73,109,79
Mazda,2010 Mazda CX-9,2010,16,22,6,FWD,273,270,210,191,143
Mazda,2010 Mazda MX-5 Miata,2010,22,28,5,RWD,167,140,155,220,183
Mazda,2010 Mazda Mazda3 4-Door,2010,25,33,5,FWD,148,135,237,190,219
Mazda,2010 Mazda Mazda3 5-Door,2010,21,29,6,FWD,167,168,153,190,219
Mazda,2010 Mazda Mazda5,2010,22,28,5,FWD,153,148,2,94,216
Mazda,2010 Mazda Mazda6,2010,20,29,6,FWD,170,167,55,190,46
Mazda,2010 Mazda Mazdaspeed3,2010,18,25,6,FWD,263,280,159,180,234
Mazda,2010 Mazda RX-8,2010,16,22,6,RWD,232,159,108,61,234
Mazda,2010 Mazda Tribute,2010,22,28,5,FWD,171,171,90,188,13
Mazda,2011 Mazda CX-7,2011,20,28,5,FWD,161,161,73,109,79
Mazda,2011 Mazda CX-9,2011,17,24,6,FWD,273,270,221,191,143
Mazda,2011 Mazda MX-5 Miata,2011,22,28,5,RWD,167,140,155,220,183
Mazda,2011 Mazda Mazda2,2011,29,35,5,FWD,100,98,109,195,158
Mazda,2011 Mazda Mazda3 4-Door,2011,25,33,5,FWD,148,135,237,190,219
Mazda,2011 Mazda Mazda3 5-Door,2011,20,28,6,FWD,167,168,153,190,219
Mazda,2011 Mazda Mazda6,2011,21,30,6,FWD,170,167,55,190,46
Mazda,2011 Mazda Mazdaspeed3,2011,18,25,6,FWD,263,280,159,180,234
Mazda,2011 Mazda RX-8,2011,16,22,6,RWD,232,159,108,61,234
Mazda,2011 Mazda Tribute,2011,23,28,5,FWD,171,171,90,188,13
Mazda,2012 Mazda CX-9,2012,17,24,6,FWD,273,270,221,191,143
Mazda,2012 Mazda MX-5 Miata,2012,22,28,5,RWD,167,158,155,220,183
Mazda,2012 Mazda Mazda2,2012,29,35,5,FWD,100,98,109,195,158
Mazda,2012 Mazda Mazda3 4-Door,2012,25,33,5,FWD,148,135,237,190,219
Mazda,2012 Mazda Mazda3 5-Door,2012,27,38,6,FWD,155,148,153,190,219
Mazda,2012 Mazda Mazda5,2012,21,28,6,FWD,157,163,232,79,214
Mazda,2012 Mazda Mazda6,2012,21,30,6,FWD,170,167,55,190,46
Mazda,2012 Mazda Mazdaspeed3,2012,18,25,6,FWD,263,280,159,180,234
Mercedes-Benz,2010 Mercedes-Benz C-Class,2010,18,26,6,RWD,228,221,22,150,234
Mercedes-Benz,2010 Mercedes-Benz CL-Class,2010,14,21,7,AWD,382,391,200,137,79
Mercedes-Benz,2010 Mercedes-Benz CLS-Class,2010,14,21,7,RWD,382,391,53,134,79
Mercedes-Benz,2010 Mercedes-Benz E-Class Coupe,2010,15,23,7,RWD,382,391,91,117,249
Mercedes-Benz,2010 Mercedes-Benz E-Class Sedan,2010,17,24,7,AWD,268,258,5,185,62
Mercedes-Benz,2010 Mercedes-Benz G-Class,2010,11,15,7,AWD,382,391,78,138,31
Mercedes-Benz,2010 Mercedes-Benz GL-Class,2010,17,23,7,AWD,210,400,231,46,148
Mercedes-Benz,2010 Mercedes-Benz GLK-Class,2010,16,22,7,RWD,268,258,174,163,95
Mercedes-Benz,2010 Mercedes-Benz M-Class,2010,13,18,7,AWD,382,391,172,24,118
Mercedes-Benz,2010 Mercedes-Benz R-Class,2010,18,24,7,AWD,210,400,36,125,166
Mercedes-Benz,2010 Mercedes-Benz SLK-Class,2010,18,26,6,RWD,228,221,6,17,252
Mercedes-Benz,2011 Mercedes-Benz C-Class,2011,18,26,6,RWD,228,221,22,150,234
Mercedes-Benz,2011 Mercedes-Benz CL-Class,2011,12,18,5,RWD,510,612,231,137,79
Mercedes-Benz,2011 Mercedes-Benz CLS-Class,2011,12,18,7,RWD,507,465,53,134,79
Mercedes-Benz,2011 Mercedes-Benz E-Class Cabriolet,2011,15,22,7,RWD,382,391,91,117,249
Mercedes-Benz,2011 Mercedes-Benz E-Class Coupe,2011,17,26,7,RWD,268,258,91,111,249
Mercedes-Benz,2011 Mercedes-Benz E-Class Sedan,2011,15,23,7,RWD,382,391,5,190,62
Mercedes-Benz,2011 Mercedes-Benz E-Class Wagon,2011,16,23,7,AWD,268,258,30,216,62
Mercedes-Benz,2011 Mercedes-Benz G-Class,2011,11,15,7,AWD,382,391,78,138,31
Mercedes-Benz,2011 Mercedes-Benz GL-Class,2011,12,17,7,AWD,382,391,231,46,148
Mercedes-Benz,2011 Mercedes-Benz GLK-Class,2011,16,21,7,AWD,268,258,174,163,224
Mercedes-Benz,2011 Mercedes-Benz M-Class,2011,16,20,7,RWD,268,258,172,24,118
Mercedes-Benz,2011 Mercedes-Benz R-Class,2011,18,24,7,AWD,210,400,36,125,166
Mercedes-Benz,2011 Mercedes-Benz SL-Class,2011,14,22,7,RWD,382,391,230,17,22
Mercedes-Benz,2011 Mercedes-Benz SLK-Class,2011,17,26,6,RWD,228,221,6,17,252
Mercury,2010 Mercury Grand Marquis,2011,12,17,4,RWD,224,275,8,150,196
Mercury,2010 Mercury Mariner,2010,21,28,6,FWD,171,171,98,191,13
Mercury,2010 Mercury Milan,2010,22,29,6,FWD,175,172,192,165,41
Mercury,2011 Mercury Grand Marquis,2011,12,17,4,RWD,224,275,8,150,196
Mercury,2011 Mercury Mariner,2011,21,28,6,FWD,171,171,98,191,13
Mercury,2011 Mercury Milan,2011,22,29,6,FWD,175,172,192,165,41
Mitsubishi,2010 Mitsubishi Eclipse Coupe,2010,16,24,5,FWD,265,262,230,71,41
Mitsubishi,2010 Mitsubishi Eclipse Spyder,2010,16,24,5,FWD,265,262,230,109,41
Mitsubishi,2010 Mitsubishi Endeavor,2010,15,21,4,FWD,225,255,238,231,77
Mitsubishi,2010 Mitsubishi Galant,2010,21,30,4,FWD,160,157,245,190,46
Mitsubishi,2010 Mitsubishi Lancer,2010,22,31,5,FWD,152,146,220,210,226
Mitsubishi,2010 Mitsubishi Lancer Evolution,2010,16,22,5,AWD,291,300,143,200,19
Mitsubishi,2010 Mitsubishi Lancer Sportback,2010,20,27,5,FWD,168,167,230,236,226
Mitsubishi,2010 Mitsubishi Outlander,2010,18,24,6,AWD,230,215,57,142,8
Mitsubishi,2011 Mitsubishi Eclipse Coupe,2011,20,28,4,FWD,162,162,230,71,41
Mitsubishi,2011 Mitsubishi Eclipse Spyder,2011,20,27,4,FWD,162,162,230,94,41
Mitsubishi,2011 Mitsubishi Endeavor,2011,15,21,4,FWD,225,255,238,231,77
Mitsubishi,2011 Mitsubishi Galant,2011,21,30,4,FWD,160,157,245,193,46
Mitsubishi,2011 Mitsubishi Lancer,2011,24,33,5,FWD,148,146,220,210,226
Mitsubishi,2011 Mitsubishi Lancer Evolution,2011,17,23,5,AWD,291,300,143,200,19
Mitsubishi,2011 Mitsubishi Lancer Sportback,2011,24,32,5,FWD,148,145,230,236,226
Mitsubishi,2011 Mitsubishi Outlander,2011,19,26,6,FWD,230,215,57,183,8
Mitsubishi,2011 Mitsubishi Outlander Sport,2011,24,31,5,FWD,148,145,199,94,234
Mitsubishi,2012 Mitsubishi Eclipse Coupe,2012,17,25,5,FWD,265,262,230,71,41
Mitsubishi,2012 Mitsubishi Eclipse Spyder,2012,20,27,4,FWD,162,162,230,94,41
Mitsubishi,2012 Mitsubishi Galant,2012,21,30,4,FWD,160,157,245,185,46
Mitsubishi,2012 Mitsubishi Outlander,2012,19,25,6,AWD,230,215,57,144,8
Nissan,2009 Nissan 370Z Coupe,2009,18,26,6,RWD,350,276,75,35,52
Nissan,2009 Nissan Cube,2009,24,29,6,FWD,122,127,140,115,158
Nissan,2009 Nissan Pathfinder,2009,15,22,5,RWD,266,288,25,41,57
Nissan,2010 Nissan 370Z Coupe,2010,18,26,6,RWD,350,276,75,35,52
Nissan,2010 Nissan 370Z Roadster,2010,18,25,6,RWD,332,270,150,45,57
Nissan,2010 Nissan Altima Coupe,2010,23,32,6,FWD,175,180,242,139,3
Nissan,2010 Nissan Armada,2010,12,18,5,AWD,317,385,155,189,222
Nissan,2010 Nissan Cube,2010,25,30,6,FWD,122,127,140,115,158
Nissan,2010 Nissan Frontier,2010,15,20,5,RWD,261,281,99,234,57
Nissan,2010 Nissan Pathfinder,2010,14,20,5,AWD,266,288,20,52,57
Nissan,2010 Nissan Sentra,2010,24,31,6,FWD,140,147,214,231,254
Nissan,2010 Nissan Titan,2010,13,18,5,RWD,317,385,72,102,227
Nissan,2010 Nissan Versa Hatchback,2010,24,32,4,FWD,122,127,199,254,158
Nissan,2010 Nissan Versa Sedan,2010,26,31,6,FWD,122,127,118,254,158
Nissan,2010 Nissan Xterra,2010,15,20,5,AWD,261,281,186,110,57
Nissan,2011 Nissan 370Z Coupe,2011,18,26,6,RWD,350,276,52,43,52
Nissan,2011 Nissan 370Z Roadster,2011,18,25,6,RWD,332,270,150,45,57
Nissan,2011 Nissan Altima Coupe,2011,23,31,6,FWD,175,180,242,139,3
Nissan,2011 Nissan Armada,2011,12,18,5,AWD,317,385,155,189,222
Nissan,2011 Nissan Cube,2011,25,30,6,FWD,122,127,140,115,158
Nissan,2011 Nissan Frontier,2011,19,23,5,RWD,152,171,99,208,57
Nissan,2011 Nissan Juke,2011,24,31,6,FWD,188,177,28,33,229
Nissan,2011 Nissan Pathfinder,2011,15,22,5,RWD,266,288,20,41,57
Nissan,2011 Nissan Sentra,2011,21,28,6,FWD,200,180,222,221,254
Nissan,2011 Nissan Titan,2011,13,18,5,RWD,317,385,72,102,227
Nissan,2011 Nissan Versa Hatchback,2011,26,31,6,FWD,122,127,199,254,158
Nissan,2011 Nissan Versa Sedan,2011,24,32,4,FWD,122,127,118,254,158
Nissan,2011 Nissan Xterra,2011,16,20,6,AWD,261,281,186,110,57
Nissan,2012 Nissan 370Z Coupe,2012,18,26,6,RWD,332,270,150,35,52
Nissan,2012 Nissan 370Z Roadster,2012,18,25,6,RWD,332,270,150,45,57
Nissan,2012 Nissan Altima Coupe,2012,23,31,6,FWD,175,180,242,139,3
Nissan,2012 Nissan Armada,2012,13,19,5,RWD,317,385,155,168,222
Nissan,2012 Nissan JUKE,2012,25,31,6,FWD,188,177,28,33,229
Nissan,2012 Nissan Pathfinder,2012,15,22,5,RWD,266,288,20,36,57
Nissan,2012 Nissan Sentra,2012,21,28,6,FWD,200,180,222,221,254
Nissan,2012 Nissan Titan,2012,13,18,5,RWD,317,385,72,102,227
Nissan,2012 Nissan Versa Hatchback,2012,24,32,4,FWD,122,127,199,254,158
Nissan,2012 Nissan Versa Sedan,2012,27,36,5,FWD,109,107,103,233,158
Nissan,2012 Nissan Xterra,2012,16,22,5,RWD,261,281,186,110,57
Porsche,2010 Porsche 911 Cabriolet,2010,18,25,6,RWD,345,288,108,30,16
Porsche,2010 Porsche 911 Coupe,2010,18,25,6,RWD,345,288,108,30,16
Porsche,2010 Porsche Boxster,2010,19,26,6,RWD,310,266,19,12,8
Porsche,2010 Porsche Cayenne,2010,12,19,6,AWD,550,553,187,158,138
Porsche,2010 Porsche Cayman,2010,19,27,6,RWD,265,221,24,23,8
Porsche,2011 Porsche 911 Cabriolet,2011,16,24,6,AWD,500,480,125,20,60
Porsche,2011 Porsche 911 Coupe,2011,18,25,6,AWD,385,310,109,20,16
Porsche,2011 Porsche Boxster,2011,19,26,6,RWD,310,266,19,12,8
Porsche,2011 Porsche Cayenne,2011,15,22,6,AWD,300,295,238,175,146
Porsche,2011 Porsche Cayenne S Hybrid,2011,20,24,8,AWD,380,427,238,175,146
Porsche,2011 Porsche Cayman,2011,19,27,6,RWD,265,221,24,23,8
Rolls-Royce,2010 Rolls-Royce Ghost,2010,13,20,8,RWD,563,575,24,13,156
Rolls-Royce,2010 Rolls-Royce Phantom Coupe,2010,11,18,6,RWD,453,531,234,61,194
Rolls-Royce,2010 Rolls-Royce Phantom Drophead Coupe,2010,11,18,6,RWD,453,531,232,43,194
Rolls-Royce,2010 Rolls-Royce Phantom Sedan,2010,11,18,6,RWD,453,531,202,102,196
Rolls-Royce,2011 Rolls-Royce Ghost,2011,13,20,8,RWD,563,575,24,13,156
Rolls-Royce,2011 Rolls-Royce Phantom Coupe,2011,11,18,6,RWD,453,531,234,61,194
Rolls-Royce,2011 Rolls-Royce Phantom Drophead Coupe,2011,11,18,6,RWD,453,531,232,43,194
Rolls-Royce,2011 Rolls-Royce Phantom Sedan,2011,11,18,6,RWD,453,531,207,102,196
Saab,2010 Saab 9-3 Convertible,2010,19,27,5,FWD,210,221,37,157,244
Saab,2010 Saab 9-3 Sport Sedan,2010,19,28,5,FWD,210,221,37,170,8
Saab,2010 Saab 9-3 SportCombi,2010,20,29,6,AWD,210,221,80,249,8
Saab,2010 Saab 9-5 Sedan,2010,16,27,6,AWD,300,295,144,185,74
Saab,2011 Saab 9-3 Convertible,2011,20,29,6,FWD,210,221,37,157,244
Saab,2011 Saab 9-3 Sport Sedan,2011,19,28,5,FWD,210,221,37,170,8
Saab,2011 Saab 9-3 SportCombi,2011,21,31,6,FWD,210,221,63,216,8
Saab,2011 Saab 9-4X,2011,18,25,6,FWD,265,223,220,142,113
Saab,2011 Saab 9-5 Sedan,2011,13,21,6,FWD,220,258,144,188,69
Saab,2012 Saab 9-3 Convertible,2012,15,23,6,FWD,220,258,37,157,244
Saab,2012 Saab 9-3 Sport Sedan,2012,19,29,6,FWD,220,258,37,170,8
Saab,2012 Saab 9-3 SportCombi,2012,15,23,6,FWD,220,258,63,170,8
Scion,2010 Scion tC,2010,20,27,5,FWD,161,162,67,134,219
Scion,2010 Scion xB,2010,22,28,5,FWD,158,162,153,64,224
Scion,2010 Scion xD,2010,27,33,5,FWD,128,125,89,244,188
Scion,2011 Scion tC,2011,23,31,6,FWD,180,173,67,134,3
Scion,2011 Scion xB,2011,22,28,5,FWD,158,162,153,74,224
Scion,2011 Scion xD,2011,27,33,5,FWD,128,125,89,228,188
Scion,2012 Scion tC,2012,23,31,6,FWD,180,173,67,134,3
Scion,2012 Scion xB,2012,22,28,5,FWD,158,162,153,74,224
Subaru,2010 Subaru Forester,2010,19,24,4,AWD,224,226,207,163,244
Subaru,2010 Subaru Impreza Hatchback,2010,19,24,4,AWD,224,226,62,195,203
Subaru,2010 Subaru Impreza Sedan,2011,20,26,4,AWD,170,170,227,195,203
Subaru,2010 Subaru Impreza WRX Hatchback,2010,17,23,6,AWD,305,290,62,195,3
Subaru,2010 Subaru Impreza WRX Sedan,2010,18,25,5,AWD,265,244,227,195,203
Subaru,2010 Subaru Legacy,2010,19,27,6,AWD,170,170,126,226,29
Subaru,2010 Subaru Outback,2010,18,25,5,AWD,256,247,172,132,29
Subaru,2011 Subaru Forester,2011,19,24,4,AWD,224,226,207,163,244
Subaru,2011 Subaru Impreza Hatchback,2011,20,26,4,AWD,170,170,62,195,203
Subaru,2011 Subaru Impreza Sedan,2011,20,26,4,AWD,170,170,227,195,203
Subaru,2011 Subaru Impreza WRX Hatchback,2011,17,23,6,AWD,305,290,62,195,3
Subaru,2011 Subaru Impreza WRX Sedan,2011,19,25,5,AWD,265,244,227,195,3
Subaru,2011 Subaru Legacy,2011,18,25,5,AWD,256,247,126,226,29
Subaru,2011 Subaru Outback,2011,19,27,6,AWD,170,170,172,132,29
Subaru,2012 Subaru Forester,2012,21,27,5,AWD,170,174,207,163,244
Subaru,2012 Subaru Impreza Hatchback,2012,25,34,5,AWD,148,145,62,185,203
Subaru,2012 Subaru Impreza Sedan,2012,25,34,5,AWD,148,145,227,195,203
Subaru,2012 Subaru Legacy,2012,19,27,6,AWD,170,170,126,226,29
Subaru,2012 Subaru Outback,2012,19,27,6,AWD,170,170,172,132,29
Suzuki,2010 Suzuki Equator,2010,15,20,5,RWD,261,281,127,244,57
Suzuki,2010 Suzuki Grand Vitara,2010,19,26,5,RWD,166,162,148,158,19
Suzuki,2010 Suzuki Kizashi,2010,21,31,6,FWD,185,170,42,200,29
Suzuki,2010 Suzuki SX4 Sedan,2010,23,33,6,FWD,150,140,138,8,193
Suzuki,2010 Suzuki SX4 Sportback,2010,22,30,6,FWD,150,140,39,43,219
Suzuki,2011 Suzuki Equator,2011,15,20,5,RWD,261,281,127,244,57
Suzuki,2011 Suzuki Grand Vitara,2011,19,26,5,RWD,166,162,148,148,19
Suzuki,2011 Suzuki Kizashi,2011,21,31,6,FWD,185,170,42,200,29
Suzuki,2011 Suzuki SX4 Sedan,2011,23,33,6,FWD,150,140,138,8,193
Suzuki,2011 Suzuki SX4 Sportback,2011,22,30,6,FWD,150,140,18,33,219
Suzuki,2012 Suzuki Kizashi,2012,21,31,6,FWD,185,170,42,200,29
Suzuki,2012 Suzuki SX4 Crossover,2012,22,30,6,AWD,150,140,39,69,219
Suzuki,2012 Suzuki SX4 Sedan,2012,23,33,6,FWD,150,140,138,8,193
Suzuki,2012 Suzuki SX4 Sportback,2012,23,30,6,FWD,150,140,18,33,219
Toyota,2010 Toyota 4Runner,2010,18,23,4,RWD,157,178,216,24,133
Toyota,2010 Toyota Avalon,2010,19,28,6,FWD,268,248,155,205,57
Toyota,2010 Toyota Camry,2010,22,33,6,FWD,169,167,197,191,29
Toyota,2010 Toyota Corolla,2010,26,35,5,FWD,132,128,187,186,224
Toyota,2010 Toyota FJ Cruiser,2010,17,22,5,RWD,260,271,63,19,113
Toyota,2010 Toyota Highlander,2010,20,27,6,FWD,187,186,177,194,118
Toyota,2010 Toyota Land Cruiser,2010,13,18,6,AWD,381,401,87,88,179
Toyota,2010 Toyota Matrix,2010,26,32,5,FWD,132,128,14,13,229
Toyota,2010 Toyota RAV4,2010,22,28,4,FWD,179,172,12,148,24
Toyota,2010 Toyota Sequoia,2010,14,19,6,RWD,310,327,89,102,234
Toyota,2010 Toyota Sienna,2010,17,23,5,FWD,266,245,241,214,173
Toyota,2010 Toyota Tacoma,2010,20,26,5,RWD,159,180,228,132,41
Toyota,2010 Toyota Tundra,2010,15,19,5,RWD,236,266,208,133,237
Toyota,2010 Toyota Venza,2010,21,29,6,FWD,182,182,192,74,113
Toyota,2010 Toyota Yaris 3-Door Liftback,2010,29,36,5,FWD,106,103,241,244,158
Toyota,2010 Toyota Yaris 5-Door Liftback,2010,29,36,5,FWD,106,103,241,244,158
Toyota,2010 Toyota Yaris Sedan,2010,29,36,5,FWD,106,103,204,180,153
Toyota,2011 Toyota 4Runner,2011,17,23,5,RWD,270,278,216,24,133
Toyota,2011 Toyota Avalon,2011,20,29,6,FWD,268,248,155,206,57
Toyota,2011 Toyota Camry,2011,22,33,6,FWD,169,167,198,191,29
Toyota,2011 Toyota Corolla,2011,28,35,5,FWD,132,128,220,186,227
Toyota,2011 Toyota FJ Cruiser,2011,17,22,5,RWD,260,271,63,19,113
Toyota,2011 Toyota Highlander,2011,20,25,6,FWD,187,186,177,194,118
Toyota,2011 Toyota Land Cruiser,2011,13,18,6,AWD,381,401,87,88,179
Toyota,2011 Toyota Matrix,2011,26,32,5,FWD,132,128,14,13,229
Toyota,2011 Toyota RAV4,2011,22,28,4,FWD,179,172,12,148,24
Toyota,2011 Toyota Sequoia,2011,14,20,6,RWD,310,327,89,163,237
Toyota,2011 Toyota Sienna,2011,19,24,6,FWD,187,186,221,229,191
Toyota,2011 Toyota Tacoma,2011,21,25,5,RWD,159,180,228,135,41
Toyota,2011 Toyota Tundra,2011,16,20,5,RWD,236,266,208,133,237
Toyota,2011 Toyota Venza,2011,21,27,6,FWD,182,182,192,74,113
Toyota,2011 Toyota Yaris 3-Door Liftback,2011,29,36,5,FWD,106,103,241,244,158
Toyota,2011 Toyota Yaris 5-Door Liftback,2011,29,36,5,FWD,106,103,241,244,158
Toyota,2011 Toyota Yaris Sedan,2011,29,36,5,FWD,106,103,204,180,153
Toyota,2012 Toyota 4Runner,2012,17,23,5,RWD,270,278,215,24,133
Toyota,2012 Toyota Camry,2012,25,35,6,FWD,178,170,197,190,29
Toyota,2012 Toyota FJ Cruiser,2012,17,20,5,RWD,260,271,63,19,113
Toyota,2012 Toyota Highlander,2012,20,25,6,FWD,187,186,177,193,118
Toyota,2012 Toyota Sequoia,2012,14,20,6,RWD,310,327,89,163,237
Toyota,2012 Toyota Sienna,2012,19,24,6,FWD,187,186,221,214,191
Toyota,2012 Toyota Yaris 3-Door Liftback,2012,30,38,5,FWD,106,103,58,228,158
Toyota,2012 Toyota Yaris 5-Door Liftback,2012,30,35,4,FWD,106,103,58,228,158
Volkswagen,2010  Volkswagen Routan,2010,16,23,6,FWD,197,230,15,214,161
Volkswagen,2010 Volkswagen CC,2010,21,31,6,FWD,200,207,215,137,62
Volkswagen,2010 Volkswagen GTI 2-Door,2010,21,31,6,FWD,200,207,115,188,242
Volkswagen,2010 Volkswagen GTI 4-Door,2010,21,31,6,FWD,200,207,115,188,242
Volkswagen,2010 Volkswagen Golf 2-Door,2010,30,41,6,FWD,140,236,105,200,249
Volkswagen,2010 Volkswagen Golf 4-Door,2010,23,30,6,FWD,170,177,105,200,249
Volkswagen,2010 Volkswagen Jetta,2010,23,30,6,FWD,170,177,202,177,244
Volkswagen,2010 Volkswagen Tiguan,2010,19,26,6,FWD,200,207,75,148,16
Volkswagen,2010 Volkswagen Touareg,2010,14,19,6,AWD,280,265,146,191,135
Volkswagen,2011 Volkswagen CC,2011,21,31,6,FWD,200,207,190,137,62
Volkswagen,2011 Volkswagen GTI 2-Door,2011,21,31,6,FWD,200,207,115,188,242
Volkswagen,2011 Volkswagen GTI 4-Door,2011,21,31,6,FWD,200,207,115,188,242
Volkswagen,2011 Volkswagen Golf 2-Door,2011,23,33,5,FWD,170,177,105,200,249
Volkswagen,2011 Volkswagen Golf 4-Door,2011,24,31,6,FWD,170,177,105,200,249
Volkswagen,2011 Volkswagen Jetta,2011,23,33,5,FWD,170,177,19,172,242
Volkswagen,2011 Volkswagen Jetta SportWagen,2011,23,33,5,FWD,170,177,204,223,244
Volkswagen,2011 Volkswagen Routan,2011,17,25,6,FWD,283,260,23,115,161
Volkswagen,2011 Volkswagen Tiguan,2011,18,26,6,FWD,200,207,75,148,16
Volkswagen,2012 Volkswagen Beetle,2012,22,31,5,FWD,170,177,181,205,16
Volkswagen,2012 Volkswagen CC,2012,21,31,6,FWD,200,207,190,137,62
Volkswagen,2012 Volkswagen GTI 2-Door,2012,21,31,6,FWD,200,207,115,188,242
Volkswagen,2012 Volkswagen GTI 4-Door,2012,21,31,6,FWD,200,207,115,188,242
Volkswagen,2012 Volkswagen Golf 2-Door,2012,23,33,5,FWD,170,177,105,200,249
Volkswagen,2012 Volkswagen Golf 4-Door,2012,24,31,6,FWD,170,177,105,200,249
Volkswagen,2012 Volkswagen Golf R 2-Door,2012,19,27,6,AWD,256,243,115,180,242
Volkswagen,2012 Volkswagen Golf R 4-Door,2012,19,27,6,AWD,256,243,115,180,242
Volkswagen,2012 Volkswagen Jetta,2012,24,34,5,FWD,115,125,19,172,242
Volkswagen,2012 Volkswagen Jetta SportWagen,2012,23,33,5,FWD,170,177,204,223,244
Volkswagen,2012 Volkswagen Passat,2012,22,32,5,FWD,170,177,2,205,41
Volkswagen,2012 Volkswagen Routan,2012,17,25,6,FWD,283,260,23,214,161
Volkswagen,2012 Volkswagen Tiguan,2012,18,26,6,FWD,200,207,80,130,16
Volkswagen,2012 Volkswagen Touareg,2012,16,23,8,AWD,280,265,187,196,148
Volkswagen,2012 Volkswagen Touareg Hybrid,2012,20,24,8,AWD,380,425,187,196,148
Volvo,2010 Volvo C30,2010,21,30,5,FWD,227,236,155,167,247
Volvo,2010 Volvo C70,2010,20,28,6,FWD,227,236,230,119,44
Volvo,2010 Volvo S40,2010,21,29,5,FWD,168,170,123,172,234
Volvo,2010 Volvo S80,2010,15,22,6,AWD,311,325,243,213,69
Volvo,2010 Volvo V50,2010,20,26,6,AWD,227,236,169,193,234
Volvo,2010 Volvo V70,2010,18,27,6,FWD,235,236,215,10,69
Volvo,2010 Volvo XC60,2010,16,21,6,AWD,281,295,19,175,97
Volvo,2010 Volvo XC70,2010,16,21,6,AWD,281,295,230,66,69
Volvo,2010 Volvo XC90,2010,15,22,6,FWD,235,236,200,247,105
Volvo,2011 Volvo C30,2011,21,29,6,FWD,227,236,168,167,247
Volvo,2011 Volvo C70,2011,19,28,5,FWD,227,236,7,120,44
Volvo,2011 Volvo S40,2011,21,30,5,FWD,227,236,123,172,234
Volvo,2011 Volvo S60,2011,18,26,6,AWD,300,325,14,203,72
Volvo,2011 Volvo S80,2011,19,27,6,FWD,240,236,243,213,69
Volvo,2011 Volvo V50,2011,21,30,5,FWD,227,236,169,177,234
Volvo,2011 Volvo XC60,2011,17,22,6,AWD,300,325,19,175,97
Volvo,2011 Volvo XC70,2011,18,25,6,FWD,240,236,230,66,69
Volvo,2011 Volvo XC90,2011,16,22,6,FWD,240,236,200,247,105
Volvo,2012 Volvo C30,2012,21,29,6,FWD,227,236,155,167,247
Volvo,2012 Volvo C70,2012,18,28,5,FWD,227,236,230,119,44
Volvo,2012 Volvo S60,2012,20,30,6,FWD,250,266,19,203,72
Volvo,2012 Volvo S80,2012,18,26,6,AWD,300,325,243,213,69
Volvo,2012 Volvo XC60,2012,17,23,6,AWD,325,354,19,175,97
Volvo,2012 Volvo XC70,2012,17,23,6,AWD,300,325,230,66,69
Volvo,2012 Volvo XC90,2012,16,23,6,FWD,240,236,200,247,105
